run_date,ticker,score,net,mentions,recent_mentions,buzz
2026-07-02,BME:BBVA,,,0,0,
2026-07-02,BME:IBE,,,0,0,
2026-07-02,BME:ITX,,,0,0,
2026-07-02,BME:SAN,,,0,0,
2026-07-02,BMFBOVESPA:CXSE3,,,0,0,
2026-07-02,EURONEXT:ABI,,,0,0,
2026-07-02,EURONEXT:AI,,,0,0,
2026-07-02,EURONEXT:ARTO,,,0,0,
2026-07-02,EURONEXT:BNP,-0.31,-0.07,2,0,
2026-07-02,EURONEXT:CS,,,0,0,
2026-07-02,EURONEXT:OR,,,0,0,
2026-07-02,EURONEXT:SAF,,,0,0,
2026-07-02,EURONEXT:SON,,,0,0,
2026-07-02,GPW:XTB,,,0,0,
2026-07-02,LSE:CMCX,,,0,0,
2026-07-02,LSE:CURY,,,0,0,
2026-07-02,LSE:ITRK,,,0,0,
2026-07-02,LSE:LLOY,,,0,0,
2026-07-02,LSE:RR.,-0.3,-1.81,7,0,0.0
2026-07-02,MIL:BDB,,,0,0,
2026-07-02,MIL:DLG,,,0,0,
2026-07-02,MIL:ENEL,,,0,0,
2026-07-02,MIL:UCG,0.31,0.12,1,0,
2026-07-02,MIL:UNI,,,0,0,
2026-07-02,MYX:BKAWAN,,,0,0,
2026-07-02,NASDAQ:AAPL,-0.07,-0.86,9,1,1.3
2026-07-02,NASDAQ:AMGN,,,0,0,
2026-07-02,NASDAQ:FTNT,0.55,0.11,3,0,0.0
2026-07-02,NASDAQ:ILMN,-0.04,-0.09,1,0,
2026-07-02,NASDAQ:LIN,-0.03,-0.06,1,1,
2026-07-02,NASDAQ:PANW,0.03,0.02,3,0,0.0
2026-07-02,NASDAQ:SBUX,0.17,1.0,10,0,0.0
2026-07-02,NASDAQ:VRTX,0.59,0.04,1,0,
2026-07-02,NSE:ADANIPORTS,,,0,0,
2026-07-02,NSE:CEMPRO,,,0,0,
2026-07-02,NSE:EXIDEIND,,,0,0,
2026-07-02,NSE:IKS,,,0,0,
2026-07-02,NSE:NHIT,,,0,0,
2026-07-02,NSE:PHOENIXLTD,,,0,0,
2026-07-02,NSE:SONACOMS,,,0,0,
2026-07-02,NYSE:ABBV,,,0,0,
2026-07-02,NYSE:BAC,-0.78,-3.64,2,1,
2026-07-02,NYSE:BRK.A,0.06,0.54,22,0,0.0
2026-07-02,NYSE:CB,0.03,0.03,3,0,0.0
2026-07-02,NYSE:CVS,0.0,0.0,2,0,
2026-07-02,NYSE:DUK,,,0,0,
2026-07-02,NYSE:EGP,,,0,0,
2026-07-02,NYSE:GD,,,0,0,
2026-07-02,NYSE:GE,,,0,0,
2026-07-02,NYSE:GKOS,,,0,0,
2026-07-02,NYSE:IDA,,,0,0,
2026-07-02,NYSE:JNJ,0.78,0.04,1,0,
2026-07-02,NYSE:JPM,,,0,0,
2026-07-02,NYSE:KO,0.35,0.02,1,0,
2026-07-02,NYSE:LLY,-0.42,-0.83,3,0,0.0
2026-07-02,NYSE:MO,,,0,0,
2026-07-02,NYSE:MRK,,,0,0,
2026-07-02,NYSE:SO,,,0,0,
2026-07-02,NYSE:TXNM,,,0,0,
2026-07-02,NYSE:UNH,-0.16,-0.5,23,0,0.0
2026-07-02,NYSE:UNP,0.34,0.08,4,0,0.0
2026-07-02,NYSE:V,,,0,0,
2026-07-02,NYSE:VTR,0.85,0.48,1,0,
2026-07-02,NYSE:WELL,,,0,0,
2026-07-02,OMXSTO:INVE_A,,,0,0,
2026-07-02,OSL:AFG,,,0,0,
2026-07-02,SET:BBL,,,0,0,
2026-07-02,SET:KBANK,,,0,0,
2026-07-02,SET:KTC,,,0,0,
2026-07-02,SET:SCB,,,0,0,
2026-07-02,SET:TISCO,,,0,0,
2026-07-02,SGX:OV8,,,0,0,
2026-07-02,SIX:ABBN,,,0,0,
2026-07-02,SIX:CFR,,,0,0,
2026-07-02,SIX:NESN,-0.93,-0.41,3,0,0.0
2026-07-02,SIX:NOVN,,,0,0,
2026-07-02,SIX:SRAIL,,,0,0,
2026-07-02,SIX:UBSG,,,0,0,
2026-07-02,SIX:ZURN,,,0,0,
2026-07-02,SSE:603379,,,0,0,
2026-07-02,SSE:603505,,,0,0,
2026-07-02,SSE:605020,,,0,0,
2026-07-02,SZSE:002653,,,0,0,
2026-07-02,TADAWUL:4190,,,0,0,
2026-07-02,TASE:NYAX,,,0,0,
2026-07-02,TPEX:5483,,,0,0,
2026-07-02,TSE:3774,,,0,0,
2026-07-02,TSE:6861,,,0,0,
2026-07-02,TSE:7167,,,0,0,
2026-07-02,TSE:8306,,,0,0,
2026-07-02,TSE:8316,,,0,0,
2026-07-02,TSE:8411,,,0,0,
2026-07-02,TSE:9983,-0.03,-0.01,1,0,
2026-07-02,TSX:BMO,0.07,0.0,1,0,
2026-07-02,TSX:BNS,,,0,0,
2026-07-02,TSX:CHP.UN,,,0,0,
2026-07-02,TSX:CM,,,0,0,
2026-07-02,TSX:CRR.UN,,,0,0,
2026-07-02,TSX:CRT.UN,,,0,0,
2026-07-02,TSX:CU,,,0,0,
2026-07-02,TSX:ENB,0.0,0.0,1,0,
2026-07-02,TSX:EQB,,,0,0,
2026-07-02,TSX:MFC,0.66,0.06,1,0,
2026-07-02,TSX:RY,0.08,0.01,1,0,
2026-07-02,TSX:TD,,,0,0,
2026-07-02,TWSE:1301,,,0,0,
2026-07-02,TWSE:2330,-0.09,-0.07,1,0,
2026-07-02,XETR:ALV,0.19,0.12,1,0,
2026-07-02,XETR:BAYN,-0.15,-0.58,4,1,3.0
2026-07-02,XETR:SIE,,,0,0,
2026-07-03,ATHEX:GEKTERNA,,,0,0,
2026-07-03,BME:BBVA,,,0,0,
2026-07-03,BME:IBE,,,0,0,
2026-07-03,BME:ITX,,,0,0,
2026-07-03,BME:SAN,,,0,0,
2026-07-03,BMFBOVESPA:CXSE3,,,0,0,
2026-07-03,BMV:CMOCTEZ,,,0,0,
2026-07-03,BMV:FEMSA/UB,,,0,0,
2026-07-03,EURONEXT:ABI,,,0,0,
2026-07-03,EURONEXT:ABVX,,,0,0,
2026-07-03,EURONEXT:AI,,,0,0,
2026-07-03,EURONEXT:BNP,-0.3,-0.07,2,0,
2026-07-03,EURONEXT:CS,,,0,0,
2026-07-03,EURONEXT:SAF,,,0,0,
2026-07-03,EURONEXT:SON,,,0,0,
2026-07-03,EURONEXT:SU,,,0,0,
2026-07-03,LSE:QLT,,,0,0,
2026-07-03,LSE:RR.,-0.3,-1.78,7,0,0.0
2026-07-03,MIL:ENEL,,,0,0,
2026-07-03,MIL:PIRC,,,0,0,
2026-07-03,MIL:UCG,0.31,0.12,1,0,
2026-07-03,MYX:BKAWAN,,,0,0,
2026-07-03,NASDAQ:AAPL,-0.07,-0.85,9,1,1.3
2026-07-03,NASDAQ:AMGN,,,0,0,
2026-07-03,NASDAQ:CRWD,-0.78,-4.32,3,2,8.0
2026-07-03,NASDAQ:FTNT,0.55,0.1,3,0,0.0
2026-07-03,NASDAQ:LIN,-0.03,-0.06,1,0,
2026-07-03,NASDAQ:PANW,0.03,0.02,3,0,0.0
2026-07-03,NASDAQ:PTCT,,,0,0,
2026-07-03,NASDAQ:SBUX,0.17,1.0,10,0,0.0
2026-07-03,NASDAQ:SLDE,-0.09,-0.13,1,1,
2026-07-03,NASDAQ:VRTX,0.59,0.04,1,0,
2026-07-03,NSE:AADHARHFC,,,0,0,
2026-07-03,NSE:APOLLOHOSP,,,0,0,
2026-07-03,NSE:CEMPRO,,,0,0,
2026-07-03,NSE:INDUSINDBK,,,0,0,
2026-07-03,NSE:IPCALAB,,,0,0,
2026-07-03,NSE:NAVINFLUOR,,,0,0,
2026-07-03,NSE:NH,,,0,0,
2026-07-03,NSE:NHIT,,,0,0,
2026-07-03,NSE:NUVAMA,,,0,0,
2026-07-03,NSE:OBEROIRLTY,,,0,0,
2026-07-03,NSE:SCHNEIDER,,,0,0,
2026-07-03,NSE:ZYDUSLIFE,,,0,0,
2026-07-03,NYSE:ABBV,,,0,0,
2026-07-03,NYSE:BAC,-0.78,-3.62,2,1,
2026-07-03,NYSE:BRK.A,0.06,0.56,22,0,0.0
2026-07-03,NYSE:CB,0.03,0.03,3,0,0.0
2026-07-03,NYSE:CVS,0.0,0.0,2,0,
2026-07-03,NYSE:FR,,,0,0,
2026-07-03,NYSE:GE,,,0,0,
2026-07-03,NYSE:IDA,,,0,0,
2026-07-03,NYSE:JNJ,0.78,0.04,1,0,
2026-07-03,NYSE:JPM,,,0,0,
2026-07-03,NYSE:KO,0.35,0.02,1,0,
2026-07-03,NYSE:LLY,-0.42,-0.83,3,0,0.0
2026-07-03,NYSE:MO,,,0,0,
2026-07-03,NYSE:MRK,,,0,0,
2026-07-03,NYSE:SO,,,0,0,
2026-07-03,NYSE:TXNM,,,0,0,
2026-07-03,NYSE:UNH,-0.15,-0.49,23,0,0.0
2026-07-03,NYSE:UNP,0.34,0.07,4,0,0.0
2026-07-03,NYSE:V,,,0,0,
2026-07-03,NYSE:WELL,,,0,0,
2026-07-03,OMXSTO:INVE_A,,,0,0,
2026-07-03,OSL:AFG,,,0,0,
2026-07-03,SET:BAY,,,0,0,
2026-07-03,SET:BEM,,,0,0,
2026-07-03,SET:GPSC,,,0,0,
2026-07-03,SET:KKP,,,0,0,
2026-07-03,SET:KTC,,,0,0,
2026-07-03,SET:RATCH,,,0,0,
2026-07-03,SET:TISCO,,,0,0,
2026-07-03,SET:TLI,,,0,0,
2026-07-03,SET:VAYU1,,,0,0,
2026-07-03,SIX:ABBN,,,0,0,
2026-07-03,SIX:CFR,,,0,0,
2026-07-03,SIX:NESN,-0.93,-0.4,3,0,0.0
2026-07-03,SIX:NOVN,,,0,0,
2026-07-03,SIX:SFSN,,,0,0,
2026-07-03,SIX:SRAIL,,,0,0,
2026-07-03,SIX:UBSG,,,0,0,
2026-07-03,SIX:ZURN,,,0,0,
2026-07-03,SSE:600885,,,0,0,
2026-07-03,SSE:603638,,,0,0,
2026-07-03,SSE:688017,,,0,0,
2026-07-03,SSE:688266,,,0,0,
2026-07-03,SSE:688661,,,0,0,
2026-07-03,SZSE:002056,,,0,0,
2026-07-03,SZSE:002422,,,0,0,
2026-07-03,SZSE:002653,,,0,0,
2026-07-03,SZSE:002747,,,0,0,
2026-07-03,SZSE:002850,,,0,0,
2026-07-03,SZSE:300503,,,0,0,
2026-07-03,SZSE:300607,,,0,0,
2026-07-03,SZSE:301165,,,0,0,
2026-07-03,SZSE:301603,,,0,0,
2026-07-03,TPEX:5483,,,0,0,
2026-07-03,TPEX:5904,,,0,0,
2026-07-03,TPEX:6182,,,0,0,
2026-07-03,TSE:3436,,,0,0,
2026-07-03,TSE:4385,,,0,0,
2026-07-03,TSE:5831,,,0,0,
2026-07-03,TSE:6324,0.16,0.12,1,0,
2026-07-03,TSE:6525,,,0,0,
2026-07-03,TSE:6861,,,0,0,
2026-07-03,TSE:6951,,,0,0,
2026-07-03,TSE:6963,,,0,0,
2026-07-03,TSE:8306,,,0,0,
2026-07-03,TSE:8316,,,0,0,
2026-07-03,TSE:8411,,,0,0,
2026-07-03,TSE:9983,-0.03,-0.01,1,0,
2026-07-03,TSX:BMO,0.07,0.0,1,0,
2026-07-03,TSX:BNS,,,0,0,
2026-07-03,TSX:CM,,,0,0,
2026-07-03,TSX:ENB,0.0,0.0,1,0,
2026-07-03,TSX:RY,0.08,0.01,1,0,
2026-07-03,TSX:TD,,,0,0,
2026-07-03,TWSE:1301,,,0,0,
2026-07-03,TWSE:1326,,,0,0,
2026-07-03,TWSE:2330,-0.09,-0.07,1,0,
2026-07-03,TWSE:2383,,,0,0,
2026-07-03,TWSE:2887,,,0,0,
2026-07-03,TWSE:3026,,,0,0,
2026-07-03,TWSE:6213,,,0,0,
2026-07-03,XETR:ALV,0.19,0.12,1,0,
2026-07-03,XETR:SIE,,,0,0,
2026-07-06,ADX:IHC,,,0,0,
2026-07-06,ATHEX:MOH,-0.2,-0.18,4,0,0.0
2026-07-06,BME:BBVA,,,0,0,
2026-07-06,BME:FCC,0.7,1.03,1,0,
2026-07-06,BME:ITX,,,0,0,
2026-07-06,BME:SAN,,,0,0,
2026-07-06,BVC:NUTRESA,,,0,0,
2026-07-06,BVL:SPCCPI1,,,0,0,
2026-07-06,DFM:DU,,,0,0,
2026-07-06,EURONEXT:AI,,,0,0,
2026-07-06,EURONEXT:AMUN,0.05,0.01,1,0,
2026-07-06,EURONEXT:BCP,,,0,0,
2026-07-06,EURONEXT:BNP,-0.3,-0.07,2,0,
2026-07-06,EURONEXT:CS,,,0,0,
2026-07-06,EURONEXT:FAGR,,,0,0,
2026-07-06,EURONEXT:GL9,,,0,0,
2026-07-06,EURONEXT:HAVAS,,,0,0,
2026-07-06,EURONEXT:LOTB,-0.95,-0.04,1,0,
2026-07-06,EURONEXT:ODET,,,0,0,
2026-07-06,EURONEXT:SAF,,,0,0,
2026-07-06,EURONEXT:SPIE,,,0,0,
2026-07-06,HKEX:2162,,,0,0,
2026-07-06,LSE:EMG,,,0,0,
2026-07-06,LSE:EZJ,,,0,0,
2026-07-06,LSE:IGG,,,0,0,
2026-07-06,LSE:QLT,,,0,0,
2026-07-06,LSE:RR.,-0.31,-1.73,7,0,0.0
2026-07-06,LSE:SDR,0.53,0.26,1,0,
2026-07-06,MIL:ENEL,,,0,0,
2026-07-06,MIL:UCG,0.31,0.12,1,0,
2026-07-06,NASDAQ:AAPL,-0.07,-0.82,9,1,1.3
2026-07-06,NASDAQ:CRWD,-0.78,-4.18,3,0,0.0
2026-07-06,NASDAQ:FTNT,0.56,0.1,3,0,0.0
2026-07-06,NASDAQ:IBKR,0.16,1.19,4,2,6.0
2026-07-06,NASDAQ:LIN,-0.03,-0.06,1,0,
2026-07-06,NASDAQ:MRNA,0.09,0.55,6,1,2.0
2026-07-06,NASDAQ:PANW,0.03,0.02,3,0,0.0
2026-07-06,NASDAQ:QNT,-0.14,-1.03,4,0,0.0
2026-07-06,NASDAQ:TENB,0.79,0.78,1,0,
2026-07-06,NASDAQ:VRTX,0.59,0.04,1,0,
2026-07-06,NSE:ADANIENSOL,,,0,0,
2026-07-06,NSE:CHOLAFIN,,,0,0,
2026-07-06,NSE:CUPID,,,0,0,
2026-07-06,NSE:ICICIBANK,,,0,0,
2026-07-06,NSE:INDUSINDBK,,,0,0,
2026-07-06,NSE:MANAPPURAM,,,0,0,
2026-07-06,NSE:NHIT,,,0,0,
2026-07-06,NSE:OBEROIRLTY,,,0,0,
2026-07-06,NSE:PHOENIXLTD,,,0,0,
2026-07-06,NSE:RADICO,,,0,0,
2026-07-06,NSE:WELCORP,,,0,0,
2026-07-06,NSE:ZYDUSLIFE,,,0,0,
2026-07-06,NYSE:ABBV,,,0,0,
2026-07-06,NYSE:ANET,0.17,0.28,1,0,
2026-07-06,NYSE:BAC,-0.78,-3.49,2,1,
2026-07-06,NYSE:BRK.A,0.06,0.54,22,0,0.0
2026-07-06,NYSE:C,,,0,0,
2026-07-06,NYSE:CB,0.03,0.03,3,0,0.0
2026-07-06,NYSE:CVS,0.0,0.0,2,0,
2026-07-06,NYSE:GE,,,0,0,
2026-07-06,NYSE:GEV,-0.71,-1.82,2,1,
2026-07-06,NYSE:HWM,0.31,0.34,2,0,
2026-07-06,NYSE:JNJ,0.78,0.03,1,0,
2026-07-06,NYSE:JPM,,,0,0,
2026-07-06,NYSE:KO,0.35,0.02,1,0,
2026-07-06,NYSE:LLY,-0.42,-0.8,3,0,0.0
2026-07-06,NYSE:MO,,,0,0,
2026-07-06,NYSE:MRK,,,0,0,
2026-07-06,NYSE:MS,-0.18,-1.09,10,0,0.0
2026-07-06,NYSE:PM,,,0,0,
2026-07-06,NYSE:SO,,,0,0,
2026-07-06,NYSE:TT,0.04,0.03,1,0,
2026-07-06,NYSE:UNH,-0.15,-0.48,23,0,0.0
2026-07-06,NYSE:UNP,0.34,0.07,4,0,0.0
2026-07-06,NYSE:UTI,,,0,0,
2026-07-06,NYSE:V,,,0,0,
2026-07-06,NYSE:WELL,,,0,0,
2026-07-06,OMXSTO:INDU_A,,,0,0,
2026-07-06,OMXSTO:INVE_A,,,0,0,
2026-07-06,SET:GPSC,,,0,0,
2026-07-06,SET:KTC,,,0,0,
2026-07-06,SET:RATCH,,,0,0,
2026-07-06,SIX:ABBN,,,0,0,
2026-07-06,SIX:BAER,,,0,0,
2026-07-06,SIX:CFR,,,0,0,
2026-07-06,SIX:NESN,-0.93,-0.39,3,0,0.0
2026-07-06,SIX:NOVN,,,0,0,
2026-07-06,SIX:UBSG,,,0,0,
2026-07-06,SIX:VONN,,,0,0,
2026-07-06,SIX:ZURN,,,0,0,
2026-07-06,SSE:603823,,,0,0,
2026-07-06,SSE:688141,,,0,0,
2026-07-06,SSE:688629,,,0,0,
2026-07-06,SZSE:000429,,,0,0,
2026-07-06,SZSE:002536,,,0,0,
2026-07-06,SZSE:002747,,,0,0,
2026-07-06,SZSE:002979,,,0,0,
2026-07-06,SZSE:300684,,,0,0,
2026-07-06,TASE:SPEN,,,0,0,
2026-07-06,TPEX:3374,,,0,0,
2026-07-06,TPEX:5904,,,0,0,
2026-07-06,TPEX:6488,,,0,0,
2026-07-06,TSE:2810,,,0,0,
2026-07-06,TSE:3436,,,0,0,
2026-07-06,TSE:5831,,,0,0,
2026-07-06,TSE:6324,,,0,0,
2026-07-06,TSE:6861,,,0,0,
2026-07-06,TSE:8304,,,0,0,
2026-07-06,TSE:8306,,,0,0,
2026-07-06,TSE:8316,,,0,0,
2026-07-06,TSE:8411,,,0,0,
2026-07-06,TSE:9436,,,0,0,
2026-07-06,TSE:9983,-0.03,-0.01,1,0,
2026-07-06,TSX:AC,-0.95,-0.08,1,0,
2026-07-06,TSX:APTX,,,0,0,
2026-07-06,TSX:BBD.A,-0.09,-0.07,1,0,
2026-07-06,TSX:BMO,0.07,0.0,1,0,
2026-07-06,TSX:BNS,,,0,0,
2026-07-06,TSX:CM,,,0,0,
2026-07-06,TSX:CU,,,0,0,
2026-07-06,TSX:POW,,,0,0,
2026-07-06,TSX:RY,0.08,0.01,1,0,
2026-07-06,TSX:TD,,,0,0,
2026-07-06,TWSE:1717,,,0,0,
2026-07-06,TWSE:2330,-0.09,-0.07,1,0,
2026-07-06,TWSE:2645,,,0,0,
2026-07-06,TWSE:6213,,,0,0,
2026-07-06,TWSE:6257,,,0,0,
2026-07-06,VIE:BTS,0.91,0.65,1,0,
2026-07-06,XETR:ALV,0.19,0.11,1,0,
2026-07-06,XETR:DWS,,,0,0,
2026-07-06,XETR:GIL,,,0,0,
2026-07-06,XETR:SIE,,,0,0,
2026-07-07,ADX:AGILITY,,,0,0,
2026-07-07,ADX:IHC,,,0,0,
2026-07-07,ATHEX:GEKTERNA,,,0,0,
2026-07-07,BCS:ENAEX,,,0,0,
2026-07-07,BIST:AKSEN,,,0,0,
2026-07-07,BIST:DSTKF,,,0,0,
2026-07-07,BME:BBVA,,,0,0,
2026-07-07,BME:CABK,,,0,0,
2026-07-07,BME:IBE,,,0,0,
2026-07-07,BME:ITX,,,0,0,
2026-07-07,BME:SAN,,,0,0,
2026-07-07,BMFBOVESPA:CSMG3,,,0,0,
2026-07-07,BMV:CMOCTEZ,,,0,0,
2026-07-07,BVL:BBVAC1,,,0,0,
2026-07-07,EURONEXT:AI,,,0,0,
2026-07-07,EURONEXT:BB,0.36,5.03,8,3,4.5
2026-07-07,EURONEXT:BNP,-0.3,-0.06,2,0,
2026-07-07,EURONEXT:CS,,,0,0,
2026-07-07,EURONEXT:ODET,,,0,0,
2026-07-07,EURONEXT:OR,,,0,0,
2026-07-07,EURONEXT:SAF,,,0,0,
2026-07-07,GPW:XTB,,,0,0,
2026-07-07,LSE:KLR,,,0,0,
2026-07-07,LSE:MNG,,,0,0,
2026-07-07,LSE:PSON,,,0,0,
2026-07-07,LSE:SDR,0.53,0.25,1,0,
2026-07-07,MIL:ENEL,,,0,0,
2026-07-07,MIL:UCG,0.31,0.12,1,0,
2026-07-07,NASDAQ:AAPL,-0.07,-0.81,9,1,1.3
2026-07-07,NASDAQ:BCRX,,,0,0,
2026-07-07,NASDAQ:BEAM,0.05,0.01,1,0,
2026-07-07,NASDAQ:CRNX,,,0,0,
2026-07-07,NASDAQ:FTNT,0.55,0.1,3,0,0.0
2026-07-07,NASDAQ:IBKR,,,0,0,
2026-07-07,NASDAQ:IMVT,,,0,0,
2026-07-07,NASDAQ:JAZZ,,,0,0,
2026-07-07,NASDAQ:LIN,-0.03,-0.06,1,0,
2026-07-07,NASDAQ:NAVN,0.07,0.01,1,0,
2026-07-07,NASDAQ:PTGX,,,0,0,
2026-07-07,NASDAQ:SBUX,0.17,0.95,10,0,0.0
2026-07-07,NASDAQ:TRVI,,,0,0,
2026-07-07,NASDAQ:VRTX,0.59,0.04,1,0,
2026-07-07,NSE:ADANIENSOL,,,0,0,
2026-07-07,NSE:AEGISVOPAK,,,0,0,
2026-07-07,NSE:CUPID,,,0,0,
2026-07-07,NSE:GLAND,,,0,0,
2026-07-07,NSE:INDUSINDBK,,,0,0,
2026-07-07,NSE:JBCHEPHARM,,,0,0,
2026-07-07,NSE:NHIT,,,0,0,
2026-07-07,NSE:PHOENIXLTD,,,0,0,
2026-07-07,NSE:TITAN,0.08,0.0,1,0,
2026-07-07,NYSE:ABBV,,,0,0,
2026-07-07,NYSE:ANDG,,,0,0,
2026-07-07,NYSE:BAC,-0.78,-3.45,2,1,
2026-07-07,NYSE:BNY,-0.06,-0.19,2,1,
2026-07-07,NYSE:BRK.A,0.06,0.54,22,0,0.0
2026-07-07,NYSE:C,,,0,0,
2026-07-07,NYSE:CB,0.03,0.03,3,0,0.0
2026-07-07,NYSE:CVS,0.0,0.0,2,0,
2026-07-07,NYSE:DUK,-0.07,-0.01,1,0,
2026-07-07,NYSE:GD,,,0,0,
2026-07-07,NYSE:GE,,,0,0,
2026-07-07,NYSE:JNJ,0.78,0.03,1,0,
2026-07-07,NYSE:JPM,,,0,0,
2026-07-07,NYSE:KO,0.35,0.02,1,0,
2026-07-07,NYSE:L,,,0,0,
2026-07-07,NYSE:LLY,-0.42,-0.79,3,0,0.0
2026-07-07,NYSE:MO,,,0,0,
2026-07-07,NYSE:MRK,,,0,0,
2026-07-07,NYSE:MS,-0.18,-1.08,10,0,0.0
2026-07-07,NYSE:PLD,0.54,0.63,2,0,
2026-07-07,NYSE:PM,,,0,0,
2026-07-07,NYSE:PNC,,,0,0,
2026-07-07,NYSE:SO,,,0,0,
2026-07-07,NYSE:UNH,-0.15,-0.47,23,0,0.0
2026-07-07,NYSE:UNP,0.34,0.07,4,0,0.0
2026-07-07,NYSE:USB,0.15,0.0,1,0,
2026-07-07,NYSE:V,,,0,0,
2026-07-07,NYSE:WELL,,,0,0,
2026-07-07,OMXSTO:ESSITY_A,,,0,0,
2026-07-07,OMXSTO:INVE_A,,,0,0,
2026-07-07,SET:BBL,,,0,0,
2026-07-07,SET:KTC,,,0,0,
2026-07-07,SET:PTT,,,0,0,
2026-07-07,SGX:O39,,,0,0,
2026-07-07,SGX:U10,,,0,0,
2026-07-07,SGX:U11,,,0,0,
2026-07-07,SIX:BION,,,0,0,
2026-07-07,SIX:CFR,,,0,0,
2026-07-07,SIX:LLBN,,,0,0,
2026-07-07,SIX:NESN,-0.93,-0.38,3,0,0.0
2026-07-07,SIX:NOVN,,,0,0,
2026-07-07,SIX:UBSG,,,0,0,
2026-07-07,SIX:VONN,,,0,0,
2026-07-07,SIX:ZURN,,,0,0,
2026-07-07,SSE:603823,,,0,0,
2026-07-07,SZSE:002266,,,0,0,
2026-07-07,SZSE:002747,,,0,0,
2026-07-07,SZSE:002768,,,0,0,
2026-07-07,TSE:5831,,,0,0,
2026-07-07,TSE:6098,-0.95,-0.04,1,0,
2026-07-07,TSE:7186,,,0,0,
2026-07-07,TSE:8306,,,0,0,
2026-07-07,TSE:8308,,,0,0,
2026-07-07,TSE:8309,,,0,0,
2026-07-07,TSE:8316,,,0,0,
2026-07-07,TSE:8331,,,0,0,
2026-07-07,TSE:8354,,,0,0,
2026-07-07,TSE:8358,,,0,0,
2026-07-07,TSE:8366,,,0,0,
2026-07-07,TSE:8411,,,0,0,
2026-07-07,TSE:8601,,,0,0,
2026-07-07,TSE:8604,,,0,0,
2026-07-07,TSE:9983,-0.03,-0.01,1,0,
2026-07-07,TSX:APTX,,,0,0,
2026-07-07,TSX:BDT,,,0,0,
2026-07-07,TSX:BMO,0.07,0.0,1,0,
2026-07-07,TSX:BNS,,,0,0,
2026-07-07,TSX:CM,,,0,0,
2026-07-07,TSX:DIR.UN,,,0,0,
2026-07-07,TSX:EIF,,,0,0,
2026-07-07,TSX:ENB,0.0,0.0,1,0,
2026-07-07,TSX:GRT.UN,,,0,0,
2026-07-07,TSX:NA,,,0,0,
2026-07-07,TSX:RY,0.08,0.01,1,0,
2026-07-07,TSX:TD,,,0,0,
2026-07-07,TWSE:2059,,,0,0,
2026-07-07,TWSE:2330,-0.09,-0.07,1,0,
2026-07-07,TWSE:2838,,,0,0,
2026-07-07,TWSE:2885,,,0,0,
2026-07-07,XETR:ALV,0.19,0.11,1,0,
2026-07-07,XETR:DHL,,,0,0,
2026-07-07,XETR:GIL,,,0,0,
